dir,entry_bar,entry_price,sl,tp,exit_bar,result,r,setup
short,150,1.30224,1.30396,1.29804,151,Lose,-1.0,?
long,202,1.2984,1.29709,1.30161,203,Win,2.45,?
short,298,1.32149,1.32453,1.31402,303,Win,2.45,?
long,635,1.26267,1.26043,1.26817,650,Win,2.45,B
long,714,1.26578,1.26256,1.27369,726,Lose,-1.0,B
long,839,1.28056,1.27942,1.28336,840,Lose,-1.0,A
short,919,1.2725,1.27448,1.26766,920,Lose,-1.0,C
short,3128,1.33885,1.34138,1.33266,3129,Lose,-1.0,C
short,7576,1.33089,1.33638,1.31744,7580,Lose,-1.0,C
long,7790,1.37531,1.3701,1.38809,7807,Lose,-1.0,B
long,7853,1.36941,1.36608,1.37758,7857,Win,2.45,B
long,8035,1.38473,1.38197,1.3915,8041,Lose,-1.0,B
short,8149,1.38059,1.38369,1.373,8152,Win,2.45,C
long,8288,1.3539,1.34968,1.36423,8295,Lose,-1.0,A
long,8383,1.3463,1.34393,1.3521,8384,Lose,-1.0,A
long,8550,1.32725,1.32257,1.33873,8556,Win,2.45,A
long,8675,1.3368,1.33482,1.34166,8680,Win,2.45,A
long,8916,1.30303,1.29942,1.31189,8935,Win,2.45,A
long,9158,1.29293,1.29199,1.29523,9159,Lose,-1.0,A
short,9635,1.31581,1.32014,1.3052,9639,Lose,-1.0,C
short,9712,1.31399,1.31563,1.30996,9722,Win,2.45,C
short,9771,1.32715,1.32814,1.32471,9772,Lose,-1.0,C
long,9779,1.32496,1.32388,1.32759,9780,Win,2.45,A
long,10284,1.31445,1.31164,1.32134,10285,Lose,-1.0,A
short,10681,1.33531,1.33637,1.33273,10684,Win,2.45,C
short,10698,1.33322,1.33425,1.3307,10699,Win,2.45,C
long,10885,1.31108,1.30991,1.31396,10886,Lose,-1.0,A
short,10958,1.3135,1.31451,1.31101,10959,Win,2.45,C
long,11174,1.32288,1.32183,1.32546,11175,Lose,-1.0,A
short,11244,1.31495,1.31574,1.31303,11245,Lose,-1.0,C
long,15378,1.31896,1.31734,1.32292,15379,Lose,-1.0,C
long,16290,1.31735,1.31564,1.32155,16292,Lose,-1.0,A
long,16361,1.30653,1.30473,1.31093,16379,Lose,-1.0,A
short,16476,1.3042,1.30642,1.29876,16479,Lose,-1.0,C
short,16601,1.29681,1.29772,1.29458,16602,Lose,-1.0,C
long,16632,1.29501,1.2922,1.30188,16633,Lose,-1.0,A
long,17099,1.30622,1.30488,1.3095,17100,Lose,-1.0,A
long,17177,1.30443,1.3031,1.3077,17179,Lose,-1.0,A
long,17321,1.29976,1.29872,1.30231,17332,Win,2.45,A
long,17440,1.30958,1.3059,1.31859,17441,Lose,-1.0,A
short,17465,1.31538,1.31933,1.30569,17489,Win,2.45,C
long,17561,1.30903,1.3075,1.31278,17565,Lose,-1.0,A
short,17734,1.28999,1.29157,1.28611,17747,Win,2.45,C
short,17802,1.29225,1.29459,1.28651,17803,Lose,-1.0,C
short,18621,1.28825,1.28944,1.28534,18622,Lose,-1.0,C
long,26138,1.28321,1.28217,1.28577,26140,Lose,-1.0,A
short,26338,1.26594,1.26778,1.26145,26344,Win,2.45,C
short,26499,1.27211,1.27513,1.26471,26500,Lose,-1.0,C
short,26577,1.28111,1.284,1.27403,26590,Lose,-1.0,C
long,26854,1.24942,1.24811,1.25264,26855,Lose,-1.0,A
long,26984,1.2429,1.24064,1.24843,27005,Win,2.45,A
short,27029,1.24756,1.2496,1.24257,27030,Lose,-1.0,C
short,27118,1.25564,1.25643,1.2537,27119,Win,2.45,C
long,27310,1.24392,1.24221,1.24809,27315,Lose,-1.0,A
long,27733,1.21782,1.2168,1.22032,27743,Lose,-1.0,A
short,28022,1.18245,1.18503,1.17613,28039,Win,2.45,B
short,28090,1.16214,1.16357,1.15865,28092,Win,2.45,B
long,28166,1.15322,1.14917,1.16315,28167,Lose,-1.0,D
long,28312,1.12887,1.1269,1.1337,28329,Win,2.45,D
short,28403,1.14436,1.14881,1.13344,28411,Lose,-1.0,B
long,28624,1.13527,1.13311,1.14055,28628,Win,2.45,D
short,28674,1.14114,1.14325,1.13596,28681,Win,2.45,B
short,28841,1.12092,1.12244,1.11721,28853,Win,2.45,B
short,29055,1.06031,1.06405,1.05116,29078,Lose,-1.0,B
short,29218,1.09634,1.09823,1.09171,29221,Lose,-1.0,B
short,29725,1.07699,1.07906,1.07192,29728,Lose,-1.0,B
short,29933,1.12308,1.12728,1.11279,29942,Lose,-1.0,B
long,30135,1.13393,1.13334,1.13536,30136,Win,2.45,D
long,32277,1.12857,1.12231,1.1439,32296,Lose,-1.0,C
long,32385,1.11355,1.11074,1.12042,32393,Win,2.45,D
long,32606,1.12414,1.12331,1.12616,32607,Win,2.45,C
long,32727,1.13637,1.13475,1.14034,32729,Win,2.45,C
long,32757,1.13538,1.13427,1.13811,32769,Lose,-1.0,D
short,35604,1.14088,1.14192,1.13832,35608,Win,2.45,B
short,35665,1.13825,1.13962,1.13488,35666,Lose,-1.0,B
long,36296,1.13713,1.13625,1.13929,36306,Lose,-1.0,D
short,36361,1.13312,1.13381,1.13143,36362,Lose,-1.0,B
short,36461,1.12277,1.12364,1.12065,36469,Win,2.45,B
short,36870,1.1286,1.13003,1.12509,36871,Win,2.45,B
long,36886,1.12198,1.1199,1.12707,36887,Lose,-1.0,D
long,37019,1.13421,1.13194,1.13978,37020,Lose,-1.0,C
short,37273,1.10894,1.11036,1.10548,37274,Win,2.45,B
long,37394,1.10655,1.10465,1.11119,37400,Lose,-1.0,C
long,37439,1.10428,1.10295,1.10755,37440,Lose,-1.0,D
short,37488,1.10588,1.10784,1.10108,37489,Win,2.45,B
short,37557,1.1024,1.10287,1.10126,37558,Win,2.45,B
long,37590,1.09753,1.09596,1.10136,37591,Win,2.45,D
long,37706,1.11625,1.11563,1.11776,37707,Win,2.45,C
short,43559,1.1407,1.14159,1.13853,43561,Lose,-1.0,B
long,43802,1.16461,1.16377,1.16668,43816,Lose,-1.0,C
short,44089,1.17507,1.17631,1.17204,44093,Lose,-1.0,A
short,44348,1.18026,1.18244,1.17492,44349,Lose,-1.0,A
long,44446,1.1838,1.17804,1.1979,44471,Win,2.45,C
short,44708,1.1953,1.19852,1.18739,44711,Lose,-1.0,A
long,44789,1.19084,1.18732,1.19948,44790,Lose,-1.0,C
short,45191,1.18637,1.18778,1.18292,45195,Win,2.45,A
short,45618,1.16078,1.16171,1.1585,45622,Win,2.45,A
long,45642,1.15904,1.15852,1.16031,45643,Win,2.45,C
long,45800,1.17691,1.17607,1.17896,45801,Lose,-1.0,C
long,46033,1.18576,1.1831,1.19226,46034,Win,2.45,C
short,46408,1.18719,1.18832,1.18443,46441,Lose,-1.0,A
long,46593,1.20259,1.20077,1.20705,46610,Lose,-1.0,C
short,46789,1.22784,1.23034,1.22173,46791,Win,2.45,A
short,47044,1.2445,1.24588,1.24113,47047,Lose,-1.0,A
long,47074,1.24113,1.23939,1.24539,47075,Win,2.45,C
long,47190,1.22458,1.2233,1.2277,47191,Lose,-1.0,C
short,47647,1.24236,1.24348,1.23963,47648,Lose,-1.0,A
long,48247,1.23245,1.2308,1.23649,48249,Lose,-1.0,C
long,48322,1.23451,1.23271,1.23891,48343,Win,2.45,C
long,48535,1.20791,1.20659,1.21114,48539,Lose,-1.0,C
long,65200,1.22225,1.21947,1.22907,65217,Win,2.45,C
short,65502,1.21529,1.21657,1.21217,65505,Win,2.45,A
short,66116,1.21621,1.21706,1.21414,66117,Lose,-1.0,A
long,66151,1.2135,1.21221,1.21665,66154,Lose,-1.0,C
short,67402,1.21669,1.2171,1.21568,67403,Win,2.45,A
long,67417,1.21415,1.21305,1.21683,67419,Lose,-1.0,C
short,67619,1.22185,1.22382,1.21704,67639,Lose,-1.0,A
long,67674,1.21915,1.2164,1.22589,67716,Lose,-1.0,C
long,67913,1.21752,1.21716,1.2184,67922,Lose,-1.0,C
long,68005,1.21047,1.20964,1.21249,68006,Win,2.45,C
short,68102,1.19021,1.19217,1.18542,68129,Lose,-1.0,A
long,68201,1.19329,1.19228,1.19577,68210,Lose,-1.0,C
short,68322,1.18677,1.18784,1.18414,68338,Lose,-1.0,A
long,68599,1.17756,1.17711,1.17867,68600,Win,2.45,C
short,68869,1.18827,1.18925,1.18586,68870,Lose,-1.0,A
long,69265,1.17437,1.17322,1.17717,69278,Win,2.45,C
long,69279,1.17585,1.17562,1.1764,69280,Win,2.45,C
short,69565,1.18401,1.18477,1.18216,69567,Win,2.45,A
short,69715,1.17373,1.17446,1.17194,69716,Win,2.45,A
short,69994,1.1561,1.15649,1.15513,69995,Lose,-1.0,A
long,70018,1.15522,1.1542,1.15771,70022,Win,2.45,C
short,70107,1.16083,1.1616,1.15895,70113,Lose,-1.0,A
short,70141,1.16079,1.1616,1.1588,70145,Lose,-1.0,A
long,70713,1.1299,1.12886,1.13245,70714,Lose,-1.0,D
short,71018,1.12873,1.12982,1.12605,71026,Lose,-1.0,B
short,71389,1.1322,1.13329,1.12953,71390,Lose,-1.0,B
long,71581,1.12949,1.12867,1.1315,71582,Lose,-1.0,D
short,71797,1.13474,1.13596,1.13177,71798,Lose,-1.0,B
short,71875,1.12975,1.13062,1.12762,71876,Win,2.45,B
short,72133,1.14357,1.14434,1.1417,72134,Win,2.45,B
short,72322,1.1357,1.13734,1.1317,72343,Win,2.45,B
long,72352,1.13097,1.12922,1.13524,72360,Lose,-1.0,D
long,72691,1.0927,1.09044,1.09822,72705,Win,2.45,D
long,72715,1.09558,1.09382,1.0999,72716,Win,2.45,C
short,73093,1.0922,1.09332,1.08945,73094,Lose,-1.0,B
long,73352,1.08072,1.07685,1.09022,73374,Lose,-1.0,C
long,78330,1.06886,1.06821,1.07046,78331,Win,2.45,D
long,78393,1.07047,1.06821,1.07602,78396,Lose,-1.0,C
short,78567,1.06927,1.07015,1.06712,78568,Win,2.45,B
short,78662,1.05881,1.06069,1.0542,78663,Lose,-1.0,B
short,78703,1.06215,1.06339,1.05912,78704,Lose,-1.0,B
short,79262,1.08942,1.09169,1.08386,79280,Lose,-1.0,B
long,79479,1.10052,1.0981,1.10646,79480,Lose,-1.0,C
long,79546,1.09317,1.09116,1.0981,79573,Win,2.45,D
long,79598,1.09532,1.09417,1.09813,79603,Win,2.45,D
short,79665,1.10352,1.10591,1.09766,79667,Lose,-1.0,B
long,79743,1.09811,1.09736,1.09996,79744,Lose,-1.0,D
long,79837,1.09696,1.09432,1.10343,79841,Win,2.45,C
long,81085,1.12278,1.12213,1.12438,81086,Lose,-1.0,C
short,81176,1.11343,1.11429,1.11131,81177,Win,2.45,A
short,81243,1.11075,1.11358,1.10381,81249,Lose,-1.0,B
short,81613,1.0916,1.0928,1.08867,81615,Win,2.45,B
short,81649,1.08829,1.0891,1.08629,81658,Lose,-1.0,B
long,81685,1.08711,1.08555,1.09094,81686,Lose,-1.0,C
long,81733,1.08208,1.08042,1.08613,81744,Lose,-1.0,D
short,82086,1.07507,1.07592,1.07298,82090,Win,2.45,B
short,82187,1.07012,1.07086,1.06831,82190,Lose,-1.0,B
short,82336,1.05748,1.06059,1.04987,82352,Lose,-1.0,B
short,89877,1.05217,1.05369,1.04844,89879,Win,2.45,B
long,89902,1.04757,1.04592,1.05161,89905,Win,2.45,D
long,90073,1.03913,1.0386,1.04043,90079,Win,2.45,D
short,90451,1.02921,1.02989,1.02753,90453,Lose,-1.0,B
short,90539,1.04375,1.04499,1.04071,90549,Lose,-1.0,B
short,91016,1.04597,1.04662,1.04438,91017,Lose,-1.0,B
short,91182,1.04753,1.05133,1.03821,91202,Lose,-1.0,B
short,91538,1.08451,1.08505,1.08319,91539,Lose,-1.0,B
short,91712,1.08246,1.08371,1.0794,91713,Lose,-1.0,B
long,91837,1.09267,1.09099,1.09677,91838,Win,2.45,D
long,92245,1.12942,1.12788,1.13319,92252,Win,2.45,C
short,92288,1.135,1.13726,1.12946,92294,Lose,-1.0,A
long,93088,1.14774,1.14562,1.15293,93100,Lose,-1.0,C
short,93105,1.1514,1.1536,1.14602,93106,Lose,-1.0,A
short,93276,1.17998,1.18139,1.17652,93295,Win,2.45,A
long,93416,1.17006,1.16909,1.17243,93417,Lose,-1.0,C
short,93514,1.1663,1.16903,1.1596,93529,Win,2.45,A
short,93688,1.17617,1.1771,1.17389,93697,Win,2.45,A
long,94450,1.17188,1.17057,1.1751,94453,Lose,-1.0,C
short,94659,1.17685,1.17818,1.1736,94661,Lose,-1.0,A
long,94829,1.17263,1.17139,1.17565,94831,Win,2.45,C
short,94881,1.17546,1.17676,1.17227,94888,Win,2.45,A
long,95207,1.15908,1.15824,1.16112,95217,Win,2.45,C
long,95317,1.16066,1.15824,1.16659,95318,Lose,-1.0,C
short,95976,1.16694,1.16802,1.16431,95984,Win,2.45,A
short,96003,1.16545,1.16605,1.16399,96005,Win,2.45,A
long,96028,1.16305,1.16234,1.1648,96033,Win,2.45,C
long,96133,1.17385,1.17283,1.17636,96142,Lose,-1.0,C
short,96200,1.17372,1.17468,1.17138,96201,Win,2.45,A
long,96273,1.17766,1.17693,1.17946,96289,Lose,-1.0,C
short,96342,1.17759,1.1784,1.1756,96353,Win,2.45,A
long,96395,1.17322,1.17228,1.17551,96397,Lose,-1.0,C
short,96538,1.16716,1.16824,1.16451,96539,Lose,-1.0,A
short,96712,1.17309,1.17385,1.17122,96713,Lose,-1.0,A
short,97121,1.18781,1.18858,1.18593,97122,Win,2.45,A
short,97243,1.17869,1.18013,1.17516,97251,Lose,-1.0,A
long,97339,1.17815,1.17718,1.18052,97348,Win,2.45,C
long,97452,1.15819,1.15674,1.16175,97453,Win,2.45,C
short,97698,1.1519,1.15466,1.14514,97702,Lose,-1.0,A
long,99451,1.13939,1.13805,1.14268,99452,Win,2.45,C
short,99493,1.14191,1.14328,1.13855,99497,Lose,-1.0,A
short,99556,1.14453,1.14546,1.14227,99572,Win,2.45,A
long,99855,1.14034,1.13977,1.14173,99856,Lose,-1.0,C
